table,location,origin,n,r_cm,r_sd_cm,theta_deg,theta_sd_deg,sd_r_cosphi_theta_cm,phi_deg,phi_sd_deg,sd_r_phi_cm
3,Catheter,left_ostium,19,1.6,0.4,-43,73,1.2,24,15,0.3
3,RCA ostium,left_ostium,6,3.7,0.7,-25,16,1.0,-23,12,0.8
3,LM mid,left_ostium,19,0.7,0.4,80,20,0.5,4,15,0.1
3,L1 proximal,left_ostium,19,1.6,0.7,70,12,0.9,-3,12,0.3
3,L1 mid,left_ostium,19,2.3,0.8,63,10,0.9,-5,11,0.5
3,L2 mid,left_ostium,19,5.3,0.8,44,7,1.0,-12,9,1.0
3,L3 mid,left_ostium,19,10.1,0.9,30,8,1.5,-32,7,1.4
3,L4 proximal (apex),left_ostium,16,12.2,1.0,32,9,1.5,-46,7,1.7
3,L4 mid,left_ostium,16,11.8,0.9,33,10,1.6,-49,7,1.6
3,D1 origin,left_ostium,19,3.2,0.8,61,11,1.0,-8,10,0.5
3,D1 mid,left_ostium,19,6.2,1.0,61,9,1.2,-23,11,1.4
3,D2 origin,left_ostium,19,4.9,1.0,47,10,0.9,-12,7,0.6
3,D2 mid,left_ostium,19,7.7,0.7,49,10,1.5,-24,8,1.1
3,D3 origin,left_ostium,19,6.6,1.1,41,9,1.1,-17,7,1.0
3,D3 mid,left_ostium,19,9.0,0.9,42,10,1.7,-26,7,1.3
3,S1 origin,left_ostium,19,3.3,1.1,57,11,1.0,-9,10,0.7
3,S1 mid,left_ostium,19,4.3,1.1,35,12,1.0,-31,10,1.0
3,S2 origin,left_ostium,19,5.2,1.1,44,10,1.1,-12,10,1.0
3,S2 mid,left_ostium,19,5.8,0.9,31,7,0.8,-29,10,1.2
3,S3 origin,left_ostium,18,7.0,0.8,37,8,1.1,-19,7,1.0
3,S3 mid,left_ostium,18,7.3,0.8,30,7,0.9,-31,8,1.3
4,C1 proximal,left_ostium,19,1.4,0.7,86,15,0.9,-12,13,0.3
4,C1 mid,left_ostium,19,1.8,0.8,94,17,1.2,-24,12,0.5
4,C2 mid,left_ostium,18,3.1,0.9,116,18,1.7,-37,9,0.8
4,C3 mid,left_ostium,17,4.8,1.0,135,21,1.6,-51,8,1.3
4,C4 mid,left_ostium,6,5.9,0.9,166,39,1.5,-71,9,1.5
4,MR origin,left_ostium,7,1.2,0.5,85,18,0.6,-10,17,0.2
4,MR mid,left_ostium,6,5.6,1.6,80,14,1.2,-34,13,1.9
4,OM origin,left_ostium,5,2.5,1.0,104,11,1.2,-28,9,0.6
4,OM bifurcat,left_ostium,5,4.4,0.9,107,6,1.1,-37,9,1.2
4,OM ant mid,left_ostium,5,5.3,0.6,102,6,1.0,-43,8,1.0
4,OM pos mid,left_ostium,5,4.9,0.7,114,5,0.9,-43,7,1.1
4,M1 origin,left_ostium,13,2.2,0.7,102,15,1.2,-31,10,0.5
4,M1 mid,left_ostium,13,5.6,1.4,91,15,1.7,-38,9,1.4
4,M2 origin,left_ostium,13,3.4,0.6,118,18,1.1,-41,8,0.8
4,M2 mid,left_ostium,13,6.0,0.8,109,20,1.3,-51,8,1.1
4,M3 origin,left_ostium,15,4.7,1.0,131,20,1.8,-49,8,1.3
4,M3 mid,left_ostium,15,6.5,1.1,118,27,2.0,-58,10,1.7
5,Catheter,right_ostium,24,1.5,0.3,133,60,1.5,49,12,0.4
5,R1 proximal,right_ostium,24,0.5,0.1,-71,19,0.3,-22,17,0.1
5,R1 mid,right_ostium,24,1.7,0.4,-68,14,0.7,-24,11,0.4
5,R2 mid,right_ostium,24,4.6,0.7,-72,11,1.2,-48,8,0.9
5,R3 mid,right_ostium,24,6.4,1.1,-91,64,2.3,-69,5,1.4
5,R4 mid,right_ostium,24,6.2,0.8,180,19,2.4,-66,8,1.3
5,RD mid,right_ostium,24,7.6,1.1,80,60,1.7,-76,8,2.2
5,RI mid,right_ostium,23,7.6,1.0,143,25,2.4,-68,9,1.8
5,RP mid,right_ostium,17,8.0,0.8,145,21,2.5,-56,9,1.8
